"mens black skeleton watches,777 watch,luxury skeleton watch,swiss mens vintage","$1,900.00",US,,https://www.ebay.com/itm/mens-black-skeleton-watches-777-watch-luxury-skeleton-watch-swiss-mens-vintage/184375750750?_trkparms=ispr%3D1&hash=item2aeda6b05e:g:D00AAOSwllte~kMM&enc=AQAFAAACYBaobrjLl8XobRIiIML1V4Imu%2Fn%2BzU5L90Z278x5ickk8Fd9si%2FIbtWQr%2BhnlRwjDTh8rmUnEYMCRSitywS7GuAtW70CQVdr70q5%2Fy3gqbRJTzz73FupRzPPTZL1s2Usl0lfCyGCZce0TnIjiT6JuZsGi9Ysq3Xqa5zOxKhL9B86Cz0Fe21pcpDltZa2gq0JQMFDLvG0Zpls9fU16Fyc%2BfKYQ2QAxlkD0T1%2B7R%2F%2FkKXzS5HAU48q%2B8gERvfvgCacz9GmZNbFsBeDl2vWgRTkK6srS5b4WEowzlEmzmkq9FxmqOq5O7bD5wBuN1ExnRSChwOeuVUHS0jkMetTH6ccvf7UY7fThxqVQPNi4PaaZfjgF39eo63oBHgsMa63gL8VFdHaSj5iURntH6%2BZTjL7aVL720wfJr7vZhZ2GfUm9YU9gmpwV7S0veriXkQZOpbwvBZIwls%2BeWISTZhwysZ98DynEhkZzRjvb6QMd3ELpJoAixVvgbb8XqDyUTAS%2BeF9fnSxz3tyM5wHIV6Yxjp4hwByXkAwolAdImRZGRUSObI%2BHcNwxVXc0qsRtEktIB9t63a6CFtPm2NUxUJX1AbP%2FN57Y0NZQHye20tR6na%2FVt3iP1oZDUWjevXeEA5QU65NXJYYALHU2ZpKR3YUN0qG7CjU%2Bkg5HCEpQHRQLd7eZ3O4kKBrZiktw0xo0tbaKLv1WqlU0BOc3SxdjEOnUMGdlHn9H%2BBsii7XqdjDud6gtQf64Ju9bYMP%2FnpQuyH5AhsO4SdiT%2FYzCoLcZSphBJodKdnfHKtseLfenphzjI8WFfd5&checksum=184375750750d0736e7d523e44cd98d5f29048c47e93
Mens Date Day Silver White Automatic Mechanical Watch Brown Leather Deployant,$128.99,US,,https://www.ebay.com/itm/Mens-Date-Day-Silver-White-Automatic-Mechanical-Watch-Brown-Leather-Deployant/392884563392?_trkparms=ispr%3D1&hash=item5b79beadc0:g:lcgAAOSw8atesfYg&enc=AQAFAAACYBaobrjLl8XobRIiIML1V4Imu%2Fn%2BzU5L90Z278x5ickkyMJZWL%2BqFSgQ3TOOe%2FNr7txz1SGmrR9Bmh154jPluVBi7JbFfyWkBJOtD5fjOfLoNK0qHlufahl5XNsyvG4cK7v3q4poGg%2B4fnecp4gHpADDfjAuIRVS3BrxhUprYdoZadwZ9RPqfRi%2BNxggitHls17TNCqAV%2BgVEaTxVd2MuPR1sZIcM0Q%2B9HyGYZW7olNW%2FuweatQhRZ3nVdaJkKA3vr5l32YZBWTphRoz7HQodPkTNd5qPVNadu54EaFXW8UFcJX6UUNqqt8GAIhp6yvJ5Ro2LUap8F1ieoAYL8KLDi2j13ius9QuA2vx118%2Brni7jGnghuFkGUcxlBe5OFi5zPXbrgBjpDXc06MY6eFIWvHN%2Frd3UV0%2FFqQ8pZWcAh9PH5ssMhHBHfqJAekSMuvsbDVgjCw7D%2BpZKw6kIwc3YBtjYd%2FwanjZIkfXZ3iUnV1uAUCJr81mLwzMR%2FQMVaQaJ8yrWJD7to2eXAjhEnWtLSa04N2HaTeAb8%2BTICMF7SGe3fZKiZ0Ab15UZSc7M3thQXWZ9WxXyhzgCzbWzGKxKtJWX6HRIqmByd4LeYpH5MLGi9ktiP4OeG%2FGmRj9AMCypSib3WPU9qdsDIjwYKRgXjkW6MpZ%2BjRuhcDCaD3cKl%2F4WFWdvGZ%2FJ64%2FOrVKhyAtD2JIVOdN2xE%2BoXmcYNXQhGLMFSPqLzuKx3DYHWp9lsZxVqya7%2FxoyH17Y0xjvFOenvpsADzTyOowBSPXzz84PFdzhdJRznCdC9KJjOED0p9S&checksum=392884563392d0736e7d523e44cd98d5f29048c47e93
Mens Date Day Silver Chrome White Blue Automatic Mechanical Watch Deployant,$138.99,US,,https://www.ebay.com/itm/Mens-Date-Day-Silver-Chrome-White-Blue-Automatic-Mechanical-Watch-Deployant/392884718571?_trkparms=ispr%3D1&hash=item5b79c10beb:g:OgEAAOSwP8NfG5yd&enc=AQAFAAACYBaobrjLl8XobRIiIML1V4Imu%2Fn%2BzU5L90Z278x5ickkyMJZWL%2BqFSgQ3TOOe%2FNr7gn7hWX8sKgkL2JgBH66XToGstSU%2FGrAYv%2FCYO0%2FljaPhgQMCXQiYeB4Q0UXpI1j69fGCE7qqBVypqm27SPyd3XRBVEOX1LJjNtq4dSVtEytOLdsBzyWRJBnyJ%2FyW0KeOUV0akRSEd87rBDCjhe0ZhX%2FSGD68TM1f24oDAzvYp%2FGxW%2F07Xa%2FV61a8%2FMCBVASHHTlh6g%2FlySzNaUai3NlhLaUWdYNXgrl5vbQ8fmSLKvGTZ6vHLT3lT%2BeaQL7toQhJoYeOIueI%2BiJ4xdqSPBOOtEj8eeUDmXziQWlRlbTW632ieZiPr6%2FW2ZOemYhyQmzujHV5mqMOR17wnytKNPDQF3X8eIrkuP95Mqxq4QX6i4qUIDUm2gXXtssO0EruhcKzTM2%2BycxBN9lHBQOTY47fIqhAL6v3CN2Oz7K%2FAbyjqq8kWsr0nLd42d3I5hPXDkkRaZPOgkOE0rjItQ9ODNqc842x8FmJW57qmbzwGmjlI6SbdCQ4K1OyvHwyQmzdtlwA6LfLga6ydtitBcPJ2GV8RUGKsj7RPDxHaNBio7sPysRrwVzN6k6AX9G4%2FGR4xeiAbvPNUtPmExEZKl7Dq%2FIGswm4WGceRQFrce5WZbegIpnnI0oKw6%2BQwmQI8KFM9w3OZKbZiuHSWBDLXOREsz%2F7UV3K4Bah0L1E1VhAzwtSxE3%2FZXI9JUvzyXAlZTrWkJWWEVt%2Bth1gGJfaZQu%2BQS1b10U3L7MawRPQdKdX1u%2FF0j5&checksum=392884718571d0736e7d523e44cd98d5f29048c47e93
Casio Classic F-91W Watch Men Luxury Classic Gold Silver black Color stainless,$8.79/ea,US,233,https://www.ebay.com/itm/Casio-Classic-F-91W-Watch-Men-Luxury-Classic-Gold-Silver-black-Color-stainless/402251641919?_trkparms=ispr%3D1&hash=item5da810f43f:g:k8wAAOSwhtJerur6&enc=AQAFAAACYBaobrjLl8XobRIiIML1V4Imu%2Fn%2BzU5L90Z278x5ickkTboA95HSvGa1O5UmCCGJLmZ3rty3owsLILonkDKjMv3QETyq4R3YWpKFOqDGb4ccODyaD2pZvIeFZ2JibpO7huPUQS%2BhH70lHVfVp1eB3ceUZVF1I0kewzn4uto8Xfq%2BUWalgKHwIP7xJTPfsLBwMd9M%2BVprWJjYBeQeSMfDqVpnm1fkKSc9jWtEIAjCmKlzrc1xC9hvpxL5KDyEcFryrqA4oD6vzRVdmd%2FvTJjMPGxbsF4aBId4n7xhqUYFrcph0v2VasdRPKPpIjpWHDXURtmPIccxIXqHL5yL2AjVw7HUp11ncRMeH9wXgyV1fx4q1xnMCKBbnk1V7IYy6p1PC35XKTJwv%2FkSaDt5Y6E5HNholCaLaZOTDKRRrSeLHGj60V0ua4%2FhZ%2Ftj9C2QSMtNe5Pn1XO%2B47OKpxD%2FTmqvczDKdoyRXWloHqBwrzsgLdOyTv3opQv4ctZtTr42VWrpuYkGVff3mHRKTOip7fsuzZDTdAt4Jaj9qfBbTaPD33IxfT%2FWlh979%2BooYbcu%2BJqPVKApx0Ru4iWgd70yPeVDVr2qWYSjVSOtTazD%2B0Av9vE3kVs2bw%2B%2BbN2o5Vn%2Bjvw6vLB6scWjx6Nvj42LeefmSa1l1zH4k9c60zckopCE7MZPOcGJtrzwD8xj3bfdP3REx1QNx3cpsi1yErBol7Y3xxNCCE72RiuUn8eYFVEez4REZEhIAClO8Uqx2RVlhVG%2BAqmR0RMt3gnU7bPzpHCLYjHTTtnVTRtraNY3ajCIXQWj&checksum=402251641919d0736e7d523e44cd98d5f29048c47e93
Mens Rose Gold Black Dial Automatic Mechanical Watch Leather Strap USA Ship,$134.99,US,,https://www.ebay.com/itm/Mens-Rose-Gold-Black-Dial-Automatic-Mechanical-Watch-Leather-Strap-USA-Ship/392884570515?_trkparms=ispr%3D1&hash=item5b79bec993:g:UUgAAOSw6GxetG5s&enc=AQAFAAACYBaobrjLl8XobRIiIML1V4Imu%2Fn%2BzU5L90Z278x5ickkyMJZWL%2BqFSgQ3TOOe%2FNr7m7a92%2FnjzkeZJcB9ons1ozQInovmURyTQn2KI8ac6LEY0si4dSclv00%2F67YpojVgdbbfvgkukj5TIHnm0nCgOSj0zEbTnq1F0mxOJfKCr5QqubdMXJ5YxsYZ5av7HN7fJBujqT2%2FBlx1svdOdF2bmfpe7RnKF%2BjVOYzkjEG4%2BuJ28iQ9vlURixlJYc4n4bTeDqwLHZGyEylUFZxFDhkpwH7iZPUvw3aAWCYv8zlFALm%2BMrTFxDy85fsMEIWOpUPcI8%2BrZ59lSE0WuIZj7m6r61H509odHQfevPdJphk2MafaPOOiJZnvuSqLaZ3OBdkK%2F2ePAeQ2cWWb3vayrgmtYDRX10BGtSoJXjtKWApjkQkcnA413kQyP%2BhJ5qi%2BIJFjVipGuawdlYio1T9PiAkUfwk1bYt%2F0nYf7GEbho5vBeNYladthpw78VYVWkkHSAu1X8cclGCBf5Dm1BB4W6kXsYMsamuxwyd2nB10yJU%2FeKOUXJ84MEtLnknN7dltrFDalSJCow6Dc5x%2FpferiUSjCHanPIY3tdz%2BRNvpVS2pbiwlJtogg3pMc1Wp1FYgrIyc%2Fg0%2BSIWlt7XWeentr6sgf80OgNmsS4XN4mczAws9zT3Ne%2F55n%2Bcbkm5S4bj4TJQygeR7f5IVXlXtitFlyyVSqLw53B8p%2B0xpscVcaPfiYG%2FYfdPYp1j787RMewki8TaiRE%2ByfFVNc3AyU7YKCLFXe8%2FVfyl9I1SZH2n0SZ3ZAj2&checksum=392884570515d0736e7d523e44cd98d5f29048c47e93
Timex Expedition Mens 100m  Moving Bezel Quartz Watch Hours~Day Date~New Battery,,,,https://www.ebay.com/itm/Timex-Expedition-Mens-100m-Moving-Bezel-Quartz-Watch-Hours-Day-Date-New-Battery/333664994184?hash=item4daffbc388:g:s~gAAOSwT1Re0oou
New Invicta Mens 52mm Black COMBAT SEA MONSTER Automatic Black Silicone SS Watch,$134.00,US,,https://www.ebay.com/itm/New-Invicta-Mens-52mm-Black-COMBAT-SEA-MONSTER-Automatic-Black-Silicone-SS-Watch/333636727147?epid=6031096065&hash=item4dae4c716b:g:j~EAAOSwxDBe9moB
Retro Timex Mens 50m Silver Blue Analog Quartz Watch Hours~Day Date~New Battery,,,,https://www.ebay.com/itm/Retro-Timex-Mens-50m-Silver-Blue-Analog-Quartz-Watch-Hours-Day-Date-New-Battery/333664994185?hash=item4daffbc389:g:6WEAAOSw6JJe5Vzc
Invicta Bolt Sport Mens 50mm Silver Green Anatomic Chronograph Watch 27797 RARE,$199.73,US,,https://www.ebay.com/itm/Invicta-Bolt-Sport-Mens-50mm-Silver-Green-Anatomic-Chronograph-Watch-27797-RARE/124272422887?hash=item1cef36afe7:g:p7YAAOSwBdBfG5oo
INVICTA Mens 4157 Diver Chronograph Stainless Steel Swiss Watch GREAT VALUE!!,$99.99,US,,https://www.ebay.com/itm/INVICTA-Mens-4157-Diver-Chronograph-Stainless-Steel-Swiss-Watch-GREAT-VALUE/174360878561?epid=1302272429&hash=item2898b7dde1:g:~j8AAOSw9INfGpfC
Seiko 5 Automatic Blue Orange Speedometer Dial Mens Watch SNKK27K1 RRP £169,129.00,GBP,,https://www.ebay.com/itm/Seiko-5-Automatic-Blue-Orange-Speedometer-Dial-Mens-Watch-SNKK27K1-RRP-169/283774105765?epid=2088420256&hash=item42124138a5:g:Vu0AAOSwgwReizvP
Vintage Timex Mens Gold Tone Barrel Analog Quartz Watch Hours~Date~New Battery,,,,https://www.ebay.com/itm/Vintage-Timex-Mens-Gold-Tone-Barrel-Analog-Quartz-Watch-Hours-Date-New-Battery/333664994180?hash=item4daffbc384:g:qgMAAOSwlFZexHH6
Orient 3 Star Automatic Men's Blue Dial Watch FAB00006D9 Brand New,89.00,GBP,,https://www.ebay.com/itm/Orient-3-Star-Automatic-Mens-Blue-Dial-Watch-FAB00006D9-Brand-New/392884937500?hash=item5b79c4631c:g:rdMAAOSwcoNfG9Vt
Victorinox Garrison Mens 40mm Swiss Made Black Dial Brown Leather Watch 26073.CB,,,,https://www.ebay.com/itm/Victorinox-Garrison-Mens-40mm-Swiss-Made-Black-Dial-Brown-Leather-Watch-26073-CB/124151188155?epid=23033653552&hash=item1ce7fccabb:g:z4YAAOSwewpezqEb
Mens Silver Chrome Manual Mechanical Wrist Watch Green Leather Deployant Buckle,$114.99,US,,https://www.ebay.com/itm/Mens-Silver-Chrome-Manual-Mechanical-Wrist-Watch-Green-Leather-Deployant-Buckle/392884569146?_trkparms=ispr%3D1&hash=item5b79bec43a:g:~CkAAOSwj61fG2~D&enc=AQAFAAACcBaobrjLl8XobRIiIML1V4Imu%2Fn%2BzU5L90Z278x5ickkyMJZWL%2BqFSgQ3TOOe%2FNr7lZwmiBeHBg80B8OKyuV2WyD27hqVc39SAUMAxc%2FquVWZ5rklQEkd8fzuky2TEr%2Boe%2FQCCoGYRBRW6BwDuqjBlC3FutybwP5uagLmWIuNQLRYvyU6OwFShG%2BUH%2BWcMuXdxprC2uWktLgvmVz39W8TY9sKZQqGgSXOm3zzT8fW1kl%2F6mkms1qsGkZbKe9ZYu2%2BUicZnczOpDlTAu0kyaqxnhVNpZGYzwMAflwoFBRA9FWkee7F0m3yubfZhEV1kdaZ9Hz%2B2XWseQFz6O9IsVm88RWxSJKqSM7PY%2BJ7HZ2EPuewsdT9VVdFXzFwMQtJjbVX0OS0A0fjEOCquIJdq3Z1ckQyYP5KjpiikD%2FbnQxS6C4sr95icqNMuwTXIqqG30ZM0qd3Dh4k6OoXaCPJq%2FLH9rrrmHHz53TsmNNpzXTLOllsGn4c4dMPD%2FJE2GjTjvLwtbZGa9MP7GbB6PhhGsv2EAP5hv0bnYYip%2FeTHNnMXMduL1r1SDuVKnkp%2FPw1sNqznSZiBKyQZGF2JrfbdmsyXiqwA5BCt28KXxaKNTSZcjSHfmJP4EbCO%2FRZ1QSHrufVr3%2BU0v0jWxF6wnv757VbNdOpdZWyviD7HNJZY10RY9KEFw4isfRiIkkBxDJC8swKXN8X1EEOU%2BhzN0Ufn5svVHZtX9%2Bs9NuMM6eNxqwl%2Fm5jzzsyolyNbh%2FLKu1O2rOePzyWyyK4e5SW1FG%2BwS14bFdnzE%2BiQKUCfwVxEA3vroNFUeZry2AEuwgGJA6rzrplQ%3D%3D&checksum=392884569146d0736e7d523e44cd98d5f29048c47e93
Mens Double Flywheel Leather Luxury Bling Skeleton Automatic Mechanical Watch,$128.95,US,16,https://www.ebay.com/itm/Mens-Double-Flywheel-Leather-Luxury-Bling-Skeleton-Automatic-Mechanical-Watch/193431457990?_trkparms=ispr%3D1&hash=item2d0969d0c6:g:qeQAAOSwtd5dRatI&enc=AQAFAAACcBaobrjLl8XobRIiIML1V4Imu%2Fn%2BzU5L90Z278x5ickkfKe2vUidqHRg3XM2X2xOVJK3%2BzXR2NqSvAX3S2HX9wpM%2BR9xAuCgpA2HEnA8MKPHMD%2Fede04qZUuAIGbfcuX8LQsjnvJ38AC9At2XLb1pv783BTV1x1h%2Bqmku44HogfTZGH5et0w1O2wY6S%2FbfbgAFcd6McMffXFOzxICKWhxfRgB%2Bb1auJEiM36gJ5%2FZgLBoZqZGzFjxC12B%2FW96HynrkvKJf1fZJO%2FFODnIsef8JjiwZlWoMjHW1CQJrJ%2F8LUILt3VqB37Z7mhGfJkKHPF69wd1%2BOa1A%2F1fBj88f3eGG7EZWUkJEwZR3wO2Il1pUp0UTY24EdeXuKMu2uIo5lewqOF7y6JnU%2Bq3siSPuP6Ql2HISwpJZhLAeLdnQ%2F9wDUGQyxagpGUeM0rg%2BVW3vugLuEudXnMOarheQN5vIUxvlNf78QS2PZuj%2BLoK16mXxLd%2Ftmx%2FsBUDMhqV%2B%2FXv8ZTH%2BvTjFF3%2FO14vsca4GItwCkhUGL6ksuA%2FpCeZVoDZD%2FAP8Vm8KS4yvru3K8JlzXsUIQ8irMZHIoRuAm0R3%2FN%2BPO3HdB7ilK6elXRs9Bg6%2BY7U%2FZIzIGyB8Kv6Q%2BfZnYtFOfUXxhvQE8HdlSkplr%2BkC1c5H9navjF7D8qPncnlcuIsC212%2B8BvzFiETurXK2%2FK7T1SYrFi0w1NEpAHB%2B1kgQ2qUTbYoG%2FgGi3OlTaDgDW4Th%2FXVrHq9QZAb5NUssRqDxQ3qVvcNTbC7Zzs3mUk2TbAjr1g73kfVl5m98QlfcY8Jb%2BRtfcyHMBwqE2VBeRPA%3D%3D&checksum=193431457990d0736e7d523e44cd98d5f29048c47e93
